artist,title,year,country,format,label,discogs_low_price,copies_for_sale_on_discogs,status
Mess (29),Intercity,2020,Spain,"Vinyl, 12"", EP, Limited Edition Yellow, Mustard",Mendeku Diskak – -021-,60.00,2,Recently Edited
PlasticHeads,Nowhere To Run,2019,Canada,"Vinyl, 12"", 45 RPM, Mini-Album",Ugly Pop Records – UP070,39.99,1,
Schizos,Schizos,2020,US,"Vinyl, LP, 45 RPM",Sweet Time – ST-1201,13.00,4,Recently Edited
Conflict (2),The Serenade Is Dead,1995,UK & Europe,"Vinyl, 7"", 45 RPM, Reissue","Mortarhate Records – MORT 1, Mortarhate Records – Mort 1",8.00,9,New Submission
The Spits / Dan Melchior,The Spits / Dan Melchior,2009,US,"Vinyl, 7"", 45 RPM, Single, Promo","Scion Audio/Visual – SA/VG 01-09, Vice Records – none",10.99,5,Recently Edited
Personal & The Pizzas,Dead Meat Vs. Joanie,2011,US,"Vinyl, 7"", 45 RPM",Total Punk – TPR-01,14.95,4,New Submission
JJ-180,Talk Talk / Classroom,2012,US,"Vinyl, 7"", 45 RPM White",Alona's Dream Records – ADR - 7 - 005,9.46,3,New Submission
Pagans / The Hip Priests,Bad Bet / Scene Is A Crime,2017,Sweden,"Vinyl, 7"", Limited Edition Pink",Just 4 Fun – Fun-35,13.21,2,
Les Lullies,7am / Dog Food,2018,US,"Vinyl, 7"", 45 RPM, Single, Limited Edition Red vinyl",Slovenly Recordings – 702-215,,,New Submission
Nightmare Boyzzz,Up All Night,2013,US,"Vinyl, 7""",Fat Sandwich Records – none,12.84,2,Recently Edited
Screeching Weasel / Born Against,El Mozote / Janelle,1993,US,"Vinyl, 7""","Lookout! Records – Lookout 73, Lookout! Records – Number 73",9.99,15,
Swingin' Utters,"7/18/95 (Fireside Bowl - Chicago, IL)",1996,US,"Vinyl, 7"", EP, 33 ⅓ RPM",V. M. L. Records – V.M.LIVE-025,7.99,5,New Submission
Brain Bagz,God Hates Bagz,2017,US,"Vinyl, 7""",Sex Tape Records – STR0002,,,Recently Edited
BloodBags,Busted Chops,2017,New Zealand,"Vinyl, 7"", 33 ⅓ RPM, EP Red",Stink Magnetic – MAG 57,,,New Submission
Ed Nasty And The Dopeds,I'm Gonna Be Everything,2011,US,"Vinyl, 7"", Single, Reissue",Last Laugh Records (2) – HAW-009,4.23,7,New Submission
Electric Eels,Spin Age Blasters / Bunnies,2014,US,"Vinyl, 7"", 45 RPM, Single, Reissue",Superior Viaduct – SV060,6.15,21,Recently Edited
Cheap Time / Bad Sports,Proper Introductions (Running Nowhere) / Would You Wait For Me Too?,2010,US,"Vinyl, 7"", Single, Promo","Scion Audio/Visual – SA/V G 06-10, Vice Records – SA/V G 06-10",2.25,6,Recently Edited
The Cortinas,Defiant Pose / Independence,1977,UK,"Vinyl, 7"", 45 RPM, Single",Step-Forward Records – SF 6,9.45,21,Recently Edited
Epoxies*,(We're All) Synthesized,2002,US,"Vinyl, 7"", Single",Dirtnap Records – ZZZ-27,14.00,5,
Boss (41),Steel Box,2018,US,"Vinyl, 7"", 45 RPM, Single, Limited Edition",Goner Records – 159GONE,45.92,2,New Submission
The Urinals*,Another EP,2013,US,"Vinyl, 7"", 45 RPM, EP, Limited Edition, Reissue Blue",Superior Viaduct – SV022,34.95,3,
Undead*,It's Corruption / Undead,1982,UK,"Vinyl, 7"", 45 RPM, Single","Riot City Records – RIOT 7, Riot City Records – Riot 7",9.20,11,Recently Edited
Gundog / The Templars,Middle Of Nowhere / I Don't Need You,1999,UK,"Vinyl, 7"", 45 RPM, Limited Edition",New Blood Records – NEW BLOOD 04,22.99,4,New Submission
The Samples,Dead Hero,2018,Germany,"Vinyl, 7"", 45 RPM, EP, Reissue Yellow",Mad Butcher Classics – MBC 079,,,New Submission
The Mighty Jabronis,Put 'Em In A Headlock,2018,US,"Vinyl, 7"", 45 RPM",Uhhuh – UH001,3.00,2,New Submission
The Toxenes,Hot Rod,2018,Germany,"Vinyl, 7"", 33 ⅓ RPM, Single",Killjoy Records – Kill-026,10.86,10,New Submission
The Stiffs (3),The Stiffs,2018,Canada,"Vinyl, 7"", 33 ⅓ RPM, EP, Remastered",Supreme Echo – SE 15,35.21,1,New Submission
Various,White Man In Hammersmith Palais E.P.,2017,UK,"Vinyl, 7"", 33 ⅓ RPM, EP, Record Store Day, Compilation, Limited Edition",Greensleeves Records – VPGS9510,7.00,18,New Submission
Jacuzzi Boys (2),Island Ave.,2008,US,"Vinyl, 7"" Gold",HoZac Records – HZR-019,9.40,3,New Submission
Bad Sports,Nothin' To Do / Use My Brain,2011,US,"Vinyl, 7"", 45 RPM, Limited Edition",Nashville's Dead – NDR004,7.00,5,New Submission
The Deadbeats,Kill The Hippies,2016,Spain,"Vinyl, 7"", 45 RPM, Reissue","Munster Records – MR 7293, Dangerhouse – IQ-29",42.86,1,New Submission
The Scientists (2),The Scientists E.P.,2018,US,"Vinyl, 7"", 45 RPM, EP, Reissue",Numero Group – NUM715,,,New Submission
Isotopes,Nuclear Strikezone,2015,Canada,"Vinyl, LP, 45 RPM, Album Yellow Translucent",Stomp Records (2) – STMP117,77.24,1,New Submission
Kelley Stoltz / The Dirtbombs,Split Tour Single,2008,US,"Vinyl, 7""",Cass Records – MAMA-042,10.00,4,Recently Edited
Machines (3),True Life,2010,Japan,"Vinyl, 7"", 45 RPM, EP, Reissue Clear",1977 Records – 1977-S079,24.99,1,Recently Edited
Ruts*,Babylon's Burning,1979,UK,"Vinyl, 7"", 45 RPM, Single",Virgin – VS 271,1.34,81,
Wire,Pink Flag,2006,US,"Vinyl, LP, Album, Reissue, Stereo",4 Men With Beards – 4M508,24.00,14,Recently Edited
The Vibrators,Judy Says (Knock You In The Head),1978,UK,"Vinyl, 7"", 45 RPM, Single","Epic – S EPC 6393, Epic – EPC6393",10.81,17,Recently Edited
The Scabs (2),The Scabs e.p,2016,Canada,"Vinyl, 7"", 45 RPM, EP, Reissue",Hosehead Records – HHRE002,16.88,5,
Formaldehyde Junkies,...Are A Total Wreck,2005,US,"Vinyl, 7"", 45 RPM","Firestarter Records – FR09, Underestimated Records – UER-34",19.96,1,New Submission
GG Allin & The Jabbers,From The Vaults: Dead Or Alive - Occupation - Gimme Some Head - UNH Interview,2019,US,"Vinyl, 7"", 33 ⅓ RPM, Limited Edition, Numbered, Remastered, Stereo",Blood Orange Records – BOR1980-02,10.00,6,New Submission
The Plain Dealers,Get What You Get...,2013,US,"Vinyl, 12"", 45 RPM",Public Square Records – PSR-003,,,
Jonathan Richman / The Modern Lovers,Roadrunner,1977,UK,"Vinyl, 7"", 45 RPM, Single Company Sleeve",Beserkley – BZZ1,1.93,63,Recently Edited
Teenage Head,Let's Shake (New Version) b/w I Wanna Love You (Live Version),1980,Canada,"Vinyl, 7"", 45 RPM, Single",Attic – AT 229,3.45,15,New Submission
Knifedance,Who Then Is Sane,1988,US,"Vinyl, 12"", 45 RPM",Hit & Run Records (2) – none,3.44,14,Recently Edited
Black Flag,TV Party,1982,US,"Vinyl, 7"", 45 RPM, Single, Promo, Stereo","Unicorn Records – UNIC-95006, SST Records – UNIC-95006",108.09,4,
Hubble Bubble,New Promotion,2018,Belgium,"Vinyl, 7"", 45 RPM, Single, Reissue",Belgian Waffles – BW 009,22.99,2,
The Last Words,Animal World,1979,UK,"Vinyl, 7"" West Drayton Press","Rough Trade – RT 022, Wizard (14) – RT 022",20.27,13,New Submission
Chainsaw,See Saw,2015,Germany,"Vinyl, 7"", Single, Limited Edition, Reissue, Remastered White",No Good Records (3) – NO-003,,,New Submission
Gasoline*,Killer Man / Radio Flic,2012,US,"Vinyl, 7"", Reissue, Unofficial Release, White Label",Egg (7) – 62.331,40.22,3,New Submission
The Bleach Boys (4),Stocking-Clad Nazi Death Squad Bitches,1988,UK,"Vinyl, 12"", 45 RPM, Single",Zombie International – Zombo 103010,122.96,1,Recently Edited
The Maggots,Tammy Wynette,2006,US,"Vinyl, 7"", EP, Limited Edition, Reissue, 33 ⅓ RPM Clear",Discourage Records – DRR-002,,,Recently Edited
The Fingers (2),The First Time / Barracuda,1991,US,"Vinyl, 7"", Single Sided",Pre-B.S. Records – none,12.49,4,New Submission
Harry J. All Stars,Liquidator,2015,UK,"Vinyl, LP, Album, Reissue",Harry J Records – TBL 1002,40.23,5,New Submission
John Holt / John Holt & Soundemension*,Fancey Make-Up / Fancey Make Up Version,,Jamaica,"Vinyl, 7"", 45 RPM",Studio One – SO 017684,5.25,2,Recently Edited
Vanilla Muffins,Sugar Oi! Come On!,2000,USA & Europe,"Vinyl, 7"", 45 RPM, EP",DSS Records – DSS021,39.99,1,Recently Edited
Slade,Give Us A Goal,1978,Germany,"Vinyl, 7"", 45 RPM, Single",Barn Records Ltd – 2014 121,4.14,20,Recently Edited
The Wasps,Teenage Treats,1977,UK,"Vinyl, 7"", 45 RPM, Single",4 Play Records (2) – FOUR 001,35.71,17,New Submission
John Holt / Sound Dimension,Fancy Make Up / Part Two,1971,Jamaica,"Vinyl, 7"", 45 RPM",Studio One – SO 3204,5.40,3,Recently Edited
Jerry's Kids,Is This My World?,2002,Belgium,"Vinyl, LP, Album, Reissue",Reflex Records (19) – Reflex 03,17.24,5,
The Negatives (3),Stake Out,2014,Spain,"Vinyl, 7"", Reissue",Paramecium Records – PAR-011,41.37,1,New Submission
Various,Give Us A Goal - Official Hooligan Compilation Euro '96,,,"Vinyl, LP, Compilation, Unofficial Release",More Violence Records – MVR LP 001,20.92,3,Recently Edited
Sham 69,Hurry Up Harry / No Entry,1978,UK,"Vinyl, 7"", 45 RPM, Single Band Logo On Silver Injection Labels, Small Hole","Polydor – POSP 7, Polydor – 2059 065",2.64,64,Recently Edited
Angelic Upstarts,Never 'Ad Nothin',1979,UK,"Vinyl, 7"", 45 RPM, Single, Stereo",Warner Bros. Records – K 17476,4.04,45,Recently Edited
Suburban Studs,I Hate School,1978,UK,"Vinyl, 7"", 45 RPM, Single",Pogo (2) – POG 002,3.09,20,
Spizzenergi,Soldier Soldier,1979,UK,"Vinyl, 7"", 45 RPM, Single",Rough Trade – RTSO · 3,4.05,15,New Submission
No Fun,Fall For A Cliche,1978,Canada,"Vinyl, 7"", 33 ⅓ RPM, EP",Werewolf T-Shirts Records – WTSF 1,17.00,5,New Submission
The Boleyn Boys,West Ham United,1973,UK,"Vinyl, 7"", 45 RPM, Single, Stereo",Pye Records – 7N 45277,10.81,1,New Submission
Nervous Eaters,Just Head,2015,Spain,"Vinyl, 7"", 45 RPM, Single, Reissue, Stereo",Penniman Records – PENN45004,6.92,19,Recently Edited
Front Page (3),Qualified,1981,Norway,"Vinyl, LP, Album",Mellow Madness – MMLP 2003,40.23,6,New Submission
G.U.N. (2),G.U.N.,2019,US,"Cassette, EP",SikFuk Records – none,,,New Submission
The Now (4),Into The 80's,2000,Germany,"Vinyl, 7"", Reissue, Test Pressing, White Label",Last Year's Youth Records – LAST 1 - 2000,,,New Submission
The Ejected,A Touch Of Class,1996,UK,"Vinyl, LP, Album, Reissue Red",Captain Oi! – AHOY LP 24,31.52,2,New Submission
Proxy (6),Police Car,2013,US,"Vinyl, 7"", 33 ⅓ RPM","Discos MMM – MMM 04, Discos MMM – MMM-0̷4",9.18,1,Recently Edited
Various,Raw Deal!,1977,UK,"Vinyl, LP",Raw Records (2) – RAWL 1,11.44,19,Recently Edited
The Neckbones,Neckbones,1994,US,"Vinyl, 7"", 33 ⅓ RPM","7"" Mentality – SIM-003",,,
Death (8),...For The Whole World To See,2009,US,"Vinyl, LP, Album",Drag City – DC387,24.00,89,New Submission
Various,Dangerhouse Volume One,2008,US,"Vinyl, LP, Compilation, Reissue, Special Edition Clear",Frontier Records – 31039-1,15.00,5,New Submission
The Enemy (4),The Gateway To Hell,2018,US,"Vinyl, LP, Album, Reissue",Puke N Vomit Records – PNV63,14.29,8,
Conflict (2),It's Time To See Who's Who,1983,UK,"Vinyl, LP, Album Gatefold",Corpus Christi – Christ It's 3,8.11,41,Recently Edited
Cockney Rejects,I'm Forever Blowing Bubbles,1980,UK,"Vinyl, 7"", 45 RPM, Single",Zonophone – Z 4,4.05,36,New Submission
Evil Conduct,Oi! Scorchers!,2014,US,"2 x Vinyl, 12"", Compilation, Remastered",Six Feet Under Records – SFU087,30.00,1,Recently Edited
D.O.A. (2),War On 45,1982,US,"Vinyl, 12"", 45 RPM",Alternative Tentacles – VIRUS 24,10.00,19,New Submission
The Rebels (6),Digging Up The Dom EP,1994,Germany,"Vinyl, 7"", 33 ⅓ RPM, EP","Knock Out Records – KONS 017, Nightmare Records (3) – KONS 017",8.85,5,Recently Edited
Coldcock,I Wanna Be Rich / You're A Mess,1979,US,"Vinyl, 7"", 45 RPM",IDBI Records – CC001,70.00,9,Recently Edited
Jeff Dahl,The Powertrip EP,1995,US,"Vinyl, 7"", 45 RPM, EP Signed",Mystic Records (8) – M 45-125,25.29,3,Recently Edited
Various,Back On The Streets,1982,UK,"Vinyl, 7"", 45 RPM, Compilation",Secret Records (8) – SHH 138,10.34,8,Recently Edited
The Cheetahs,Radio-Active,1979,UK,"Vinyl, 7"", 45 RPM",Zoom Records – ZUM 14,8.00,7,
Subs (4),Gimme Your Heart,1978,UK,"Vinyl, 7"", 45 RPM, Single","1 Off Records – OFF 1, 1 Off Records – OFF1, Stiff Records – OFF 1, Stiff Records – OFF1",8.03,20,
Anti-Nowhere League,Streets Of London,1981,UK,"Vinyl, 7"", 45 RPM, Single",WXYZ Records – ABCD 1,4.05,29,New Submission
The Porno Cassettes,"Your Face, A Fucking Disgrace",2014,US,"Vinyl, 7"", Single, Reissue",Radio Raheem – RADIO-007,7.86,7,Recently Edited
The Drags,Dragsploitation...Now!,1995,US,"Vinyl, 10"", Mini-Album, 33 ⅓ RPM","Estrus Records – ES110, Estrus Records – ES-110",24.99,5,
Epoxies*,Epoxies,2002,US,"Vinyl, LP, Album",Dirtnap Records – ZZZ-15,50.00,4,Recently Edited
Amyl And The Sniffers,Some Mutts (Can't Be Muzzled),2018,Australia,"Vinyl, 7"", 45 RPM, Single",Flightless – FLT-043,49.30,2,Recently Edited
Amyl And The Sniffers,Big Attraction & Giddy Up,2018,UK,"Vinyl, LP, Compilation, Limited Edition, Reissue White",Damaged Goods – DAMGOOD494LP,68.97,4,Recently Edited
The Plain Dealers,Terminal Darkness,2013,UK,"Vinyl, 7""",No Front Teeth Records – NFTR 131,6.69,4,Recently Edited
The Vindictives,The Invisible Man,1991,US,"Vinyl, 7"", 45 RPM, EP, Stereo",V. M. L. Records – VML 223,37.93,4,Recently Edited
Various,Fallen Upon Deaf Ears,1994,US,"Vinyl, 10"", Compilation",Skull Duggery – CS1900,7.98,20,
Fear (3),Now Your Dead / I Love Livin In The City,2002,US,"Vinyl, 7"", Unofficial Release",Not On Label (Fear (3)) – none,12.00,5,
The Accident*,Kill The Bee Gees,1990,US,"Vinyl, 7"", 45 RPM, Single, Numbered, Reissue",Knifeman Records – km 01,25.00,3,
The Mess (3),It's All Wyrd!,1985,US,"Vinyl, 7"", EP, Stereo",Not On Label (The Mess (3) Self-released) – none,45.86,3,Recently Edited
A.B.H.,Don't Mess With The SAS,2017,Spain,"Vinyl, 7"", 45 RPM, EP, Limited Edition Blue",Evil Records (7) – Evil 018 EP,229.86,1,New Submission
The TKO's (2),Don't Pull The Plug,1996,US,"Vinyl, 7"", Single, Repress Red, Clear",Public Square Records – none,7.35,4,New Submission
Spodee Boy,Red State,2017,US,Cassette,Drop Medium – UM-015,4.60,1,New Submission
Spodee Boy,Sterile World,2016,US,"Cassette, Limited Edition",Designer Medium – UM-009,4.00,4,New Submission
"Datenight, Spodee Boy","Split 7""",2017,US,"Vinyl, 7"", 45 RPM, Limited Edition",Drop Medium – UM-021,3.00,5,New Submission
Plastic Bertrand,Ça Plane Pour Moi,1977,France,"Vinyl, 7"", 45 RPM, Single","Vogue – 45. X. 140.316, Vogue – 45 X 140316, Vogue – 45. X. 140316",1.22,11,
Los Reactors,Dead In The Suburbs,2017,Spain,"Vinyl, 7"", Reissue",Paramecium Records – PAR-023,49.99,3,Recently Edited
The Ejectors,Hydrohead,2006,Italy,"Vinyl, LP, Album","Rave Up Records – RUR 046, Rave Up Records – 0046",25.29,2,Recently Edited
Ed McCurdy,"Blood, Booze 'N Bones",1956,US,"Vinyl, LP, Album, Mono",Elektra – EKL-108,7.45,3,New Submission
The Licks (2),1970's EP,2015,UK,"Vinyl, 7"", 45 RPM, EP, Reissue",Overground Records – OVER 145,18.00,2,Recently Edited
The TKO's (2),Anthem,1996,US,"Vinyl, 7"", EP | Vinyl Pants – 001",,5.75,3,Recently Edited
Teenage Knockouts,"Japanese Murdercycles, Guitar's And Gun's",1999,US,"Vinyl, 10"", 33 ⅓ RPM",Dead Beat Records (2) – DB26,8.00,4,New Submission
The Queers,My Old Man's A Fatso,1994,US,"Vinyl, 7""",Woundup Records – WR-07,18.00,4,Recently Edited
Templars*,Out Of The Darkness,2008,US,"Vinyl, 7"", 45 RPM, Single",Templecombe – 682,25.00,1,New Submission
Templars* / Oxblood,Powerfist EP,1997,US,"Vinyl, 7"", 45 RPM, EP, Repress Yellow/Black","Vulture Rock Records – Volt-2, Vulture Rock Records – Volt No. 2",59.00,1,
The Vindictives,Disturbia,1993,US,"Vinyl, 7"", EP",V. M. L. Records – VML 623,60.00,1,
The Vindictives,Basket Case,1991,US,"Vinyl, 7"", 45 RPM, EP, Stereo",V. M. L. Records – 123,33.00,4,Recently Edited
The Vindictives,Rocks In My Head,1994,US,"Vinyl, 7"", 45 RPM, Stereo","Lookout! Records – lookout oo89, Lookout! Records – LOOKOUT 0089, Lookout! Records – Lk 089",9.20,17,Recently Edited
The Vindictives,Alarm Clocks,1995,US,"Vinyl, 7"", 45 RPM",Lookout! Records – LK112,5.51,17,New Submission
The Hollywood Killers,Goodbye Suicide,2016,US,"Vinyl, 7"", 45 RPM, Reissue",Mighty Mouth Music – MMM-021,,,
Vibram 94,Original cassette of recording,,USA & Canada,Cassette,,,,Recently Edited
The 4 Skins*,The Wonderful World Of The 4 Skins (The Best Of The 4 Skins),1996,UK,"Vinyl, LP, Compilation, Limited Edition, Reissue",Step-1 Music – STEP LP27,19.00,3,New Submission
The Hollywood Squares,Hillside Strangler: Restrangled,2006,Italy,"Vinyl, LP, Compilation","Rave Up Records – RUR 047, Rave Up Records – 0047",30.00,5,New Submission
The Neckbones,64 Days,1998,US,"Vinyl, 7"", 45 RPM Red Vinyl",Misprint Records – msp 0040,2.99,6,Recently Edited
The Neckbones,Hit Me !,1997,US,"Vinyl, 7""",Sympathy For The Record Industry – SFTRI 508,8.97,3,Recently Edited
The Neckbones,Souls On Fire,1997,US,"Vinyl, LP, Album",Fat Possum Records – 80304-1,9.88,7,
Alberto Y Lost Trios Paranoias,Snuff Rock,1977,UK,"Vinyl, 7"", 45 RPM, EP Pushout Centre",Stiff Records – LAST 2,2.16,90,Recently Edited
The Skulls (3),Babies,2002,US,"Vinyl, 7"", 45 RPM",Blazing Guns Records – GUN001,2.00,10,New Submission
Haunted Head,Screaming / 98 Shutdown,2017,US,"Vinyl, 7"", 45 RPM, Limited Edition Red Cover",Public Square Records – Public Square 2,,,New Submission
The Plain Dealers,True Cleveland Scum...,2011,US,"Vinyl, 7"", 33 ⅓ RPM, EP",Public Square Records – 002,,,
Guttersnipe,Never Surrender Never Give In,1998,Austria,"Vinyl, 7"", 33 ⅓ RPM","DSS Records – DSS99200, DSS Records – dss99200",7.47,9,
Public Disgrace,Toxteth,1982,UK,"Vinyl, 7"", 45 RPM",Probe Plus – PP2,4.05,16,New Submission
The Sudden Jerks,Sudden Jerks,2014,UK,"Vinyl, 7"", Limited Edition, White Label",No Front Teeth Records – NFTR 143,6.67,2,New Submission
Stalin Video,Vivisection,2014,UK,"Vinyl, 7"", Single Sided, Limited Edition",No Front Teeth Records – NFTR 119,5.74,4,New Submission
The Plain Dealers,Don't Pull The Plug,2014,UK,"Vinyl, 7"", Limited Edition Green Clear",No Front Teeth Records – NFTR147,10.99,4,New Submission
The Plain Dealers,Get What You Get,2013,UK,"Vinyl, 12"", Mini-Album, Limited Edition",No Front Teeth Records – NFTR 137,9.20,1,New Submission
Midnite Snaxxx,A Guy Like That / Jackie,2011,US,"Vinyl, 7""",Total Punk – TPR-02,13.79,1,New Submission
The Fingers (4),Isolation,1978,US,"Vinyl, 7"", 45 RPM",Paradox Records (8) – 8072-20,,,New Submission
The Pagans*,Hollywood Or Die,2018,US,"Vinyl, 7"", 45 RPM, Record Store Day, Single White",Jett Plastic Recordings – JPR-048,4.00,10,Recently Edited
Young Identities,New Trends EP,2011,US,"Vinyl, 7"", 45 RPM, EP, Reissue",540 Records – 540-022,11.42,2,
Young Identities,EP,2010,US,"Vinyl, 7"", EP, 45 RPM, Reissue",540 Records – 540-018,7.99,2,New Submission
The Thought Criminals (2),Hilton Bomber,2006,Australia,"Vinyl, 7"", 45 RPM, EP, Reissue, Remastered","Ascension Records (5) – ANSI 05, Doublethink – DTDT 1, Doublethink – DTDT1",24.65,2,New Submission
News (4),Dirty Lies,2012,Australia,"Vinyl, 7"", Single, Reissue",Not On Label – none,10.56,6,Recently Edited
Last Words*,Todays Kidz,1979,UK,"Vinyl, 7"", 45 RPM, Single",Remand Records – REMAND 2,12.29,17,
The Chosen Few (6),The Joke's On Us!,2011,US,"Vinyl, 12"", 45 RPM, EP, Reissue Clear","Going Underground Records – GOING UNDERGROUND 22, Going Underground Records – #22",18.00,2,
Hates,No Talk In The Eighties,1979,US,"Vinyl, 7"", 33 ⅓ RPM",Faceless Records – 071279,145.00,3,
The Boys (2),Brickfield Nights / Teacher's Pet,1978,UK,"Vinyl, 7"", 45 RPM, Single",NEMS – NES 116,13.77,14,New Submission
Eyes,TAQN,2016,Spain,"Vinyl, 7"", 45 RPM, Single, Reissue","Dangerhouse – IZE-45, Munster Records – MR 7295",11.49,3,
Rhino 39,Xerox / No Compromise,2016,Spain,"Vinyl, 7"", 45 RPM, Single, Reissue","Munster Records – MR 7296, Dangerhouse – RH-39",8.37,11,New Submission
The Exit (2),The Exit E.P.,2014,US,"Vinyl, 7"", 45 RPM, EP Gatefold",Permanent Records (2) – PERM-040,9.49,1,New Submission
Blitz (3),All Out Attack E.P.,2015,Germany,"Vinyl, 7"", 45 RPM, EP, Limited Edition, Reissue Red",Mad Butcher Classics – MBC 043,51.72,1,
Midnite Snaxxx,Let Me Do What I Want / Faded Pictures,2018,Austria,"Vinyl, 7"", 45 RPM, Single, Limited Edition",Bachelor Records – BR-102,6.32,11,New Submission
Sheer Terror,Pall In The Family,2018,US,"Vinyl, 7"", 33 ⅓ RPM Yellow With Red Splatter",Reaper Records (2) – RR82,9.97,3,New Submission
Sheer Terror,Pall In the Family,2018,US,"Vinyl, 7"", 33 ⅓ RPM, EP Green With Pink Splatter",Reaper Records (2) – RR82,8.00,7,New Submission
The Queer Pills A.K.A. The Angry Samoans*,The Depraved,1981,US,"Vinyl, 7"", 45 RPM",Homophobic Records – HOMO 02,16.88,10,New Submission
The Guns,The Guns,2012,US,"2 x Vinyl, LP, Album, Compilation Gatefold","Smog Veil Records – SV109, Red Hour Records – RH8",16.00,6,Recently Edited
Bobby Soxx,(Learn To) Hate In The 80's / Scavenger Of Death,2001,US,"Vinyl, 7"", Single, Reissue, Unofficial Release Orange Sleeve",Kaplow! – BLM-007,,,New Submission
Royale Coachmen,Killer Of Men / Standing Over There,1966,US,"Vinyl, 7"", 45 RPM, Single",Jowar Records – J. W. 103,74.99,3,New Submission
The Joneses*,Criminal History Revisited,2008,US,"2 x Vinyl, LP, Compilation",Full Breach Kicks – FBK-020,75.00,1,
Blitz (3),All Out Attack E.P.,2013,Canada,"Vinyl, 7"", 45 RPM, EP, Reissue",Ugly Pop Records – UP038,12.15,8,Recently Edited
Freestone,Bummer Bitch,2010,US,"Vinyl, 7"", Single, Reissue",Last Laugh Records (2) – HAW-001,25.00,7,Recently Edited
The Reactors (6),Seduction Center,2010,US,"Vinyl, 7"", 45 RPM, Single, Reissue, Stereo",Last Laugh Records (2) – HAW-002,6.00,7,Recently Edited
The Features (5),Floozie Of The Neighborhood B/W I Wanna Be Your Man,2012,US,"Vinyl, 7"", 45 RPM, Reissue",Last Laugh Records (2) – HAW-024,6.00,4,New Submission
Fire Exit,Time Wall,2013,US,"Vinyl, 7"", 45 RPM, Single, Reissue",Last Laugh Records (2) – HAW-031,7.00,2,Recently Edited
The Injections,Prison Walls,2010,US,"Vinyl, 7"", Single, Reissue",Last Laugh Records (2) – HAW-006,14.08,1,
Rikk Agnew,All By Myself,2008,US,"Vinyl, LP, Album, Repress blue marbled","Frontier Records – FLP 1009, Frontier Records – 31009-1",48.00,3,New Submission
Nervebreakers,We Want Everything!,2011,US,"Vinyl, LP, Album, Reissue",Get Hip Recordings – GH-1032H,15.00,7,New Submission
Pink Panzer (2),Man Thunder,2014,US,"Vinyl, 7"", 45 RPM Pink",Chapter Eleven Records – #23,44.71,1,New Submission
Pink Panzer (2),Hail The New Dong,2015,US,"Vinyl, 7"", 45 RPM",Chapter Eleven Records – #CH27,28.17,2,Recently Edited
The Mutants (5),So American /....Piece O' Shit,1978,US,"Vinyl, 7"", 45 RPM",FTM Records – FTM 001,17.00,7,New Submission
Physicals,All Sexed Up,1978,UK,"Vinyl, 7"", 33 ⅓ RPM, EP",Physical Records (2) – PR/001,8.03,22,Recently Edited
Sham 69,Angels With Dirty Faces,1978,UK,"Vinyl, 7"", Single, 45 RPM",Polydor – 2059 023,1.65,58,Recently Edited
London (4),Summer Of Love,1977,UK,"Vinyl, 7"", 45 RPM","MCA Records – MCA319, MCA Records – MCA 319",4.05,28,
Rocks'*,You'r So Boring,1996,Australia,"Vinyl, 7"", EP, 33 ⅓ RPM, Reissue",Small Axe (2) – SA-01,20.54,4,New Submission
Der Stab,Tracers / It's Grey,2016,US,"Vinyl, 7"", 45 RPM","Elective Affinities Corp. – AF-02, Negative Jazz – NJ-07",20.00,2,New Submission
Various,Skinhead Times Issue 17,1995,UK,"Vinyl, 7"", 33 ⅓ RPM, Compilation",Skinhead Times Publishing Records – STPR003,5.74,2,New Submission
Antagonizers ATL / The Warning Shots,Split,2017,USA & Europe,"Vinyl, 7"" Red Transparent","Crowd Control Media – CCM-052, Last Punkrockers Records – LPR-021",6.48,2,New Submission
Midnite Snaxxx,Snaxxx Traxxx 2010-2015,2016,US,"Cassette, Compilation",Not On Label (Midnite Snaxxx Self-released) – none,9.77,2,New Submission
The Fits (2),Bored Of Education,2018,Canada,"Vinyl, 7"", 45 RPM, EP, Reissue",Ugly Pop Records – UP068,,,Recently Edited
The Nosebleeds,Ain't Bin To No Music School,1977,UK,"Vinyl, 7"", Single, 45 RPM Silver Label",Rabid Records (2) – TOSH 102,40.54,8,New Submission
Various,Bored Teenagers Vol.6: 16 Great British Punk Originals '77-'82,2012,UK,"Vinyl, LP, Compilation",Bin Liner Records – RUBBISHLP011,20.00,2,Recently Edited
U.K. Subs*,Tomorrows Girls,1979,UK,"Vinyl, 7"", 45 RPM, Single, Stereo Blue","GEM (2) – GEMS 10, RCA – PB 9423",1.35,130,Recently Edited
Johnny Moped,No One / Incendiary Device,1977,UK,"Vinyl, 7"", 45 RPM, Single","Chiswick Records – S15, Chiswick Records – S 15",33.78,9,
Midnite Snaxxx,You Kill Me,2012,US,"Vinyl, 7"", 45 RPM, EP, Limited Edition Red Translucent",Goner Records – 86GONE,8.00,2,
Midnite Snaxxx,Greedy Little Thing,2018,US,"Vinyl, 7"", 45 RPM, Single Sided, Single, Limited Edition, Numbered Cover Art 2",Goodbye Boozy Records – GB 147,8.05,2,New Submission
Midnite Snaxxx,Like Lightning / Givin' Me The Business,2010,US,"Vinyl, 7"", Single Sided, Limited Edition, Numbered, Test Pressing",Raw Deluxe Records – DLUX 014,,,New Submission
Midnite Snaxxx,Midnite Snaxxx,2012,Germany,"Vinyl, LP, Album",Red Lounge Records – RLR 098,10.33,8,New Submission
Authorities*,Soundtrack For Trouble,2011,US,"Vinyl, 7"", 33 ⅓ RPM, Reissue White","Get Hip Recordings – GH-246CV, Get Hip Recordings – GH-246",,,
Stiff Little Fingers,Gotta Gettaway,1979,UK,"Vinyl, 7"", 45 RPM, Single","Rough Trade – RT 015, Rigid Digits – RT 015",5.08,28,Recently Edited
Hitler SS,Skate Like Elvis,2007,Italy,"Vinyl, LP, Compilation, Numbered Gatefold","Big Star Rolling Records – BSR 03, Big Star Rolling Records – BIG STAR ROLLING 003",19.02,6,Recently Edited
Channel 3 (2),I've Got A Gun,1982,UK,"Vinyl, 7"", EP Thin Paper Sleeve",No Future Records – Oi 11,30.60,8,
The Leather Nun,Slow Death EP,1979,UK,"Vinyl, 7"", EP, 33 ⅓ RPM",Industrial Records – IR0006,21.84,11,New Submission
Nervebreakers,Politics EP,2011,US,"Vinyl, 7"", 33 ⅓ RPM, EP, Reissue",Get Hip Recordings – GH-248,8.99,2,
The Valves,Robot Love & For Adolfs' Only,1977,UK,"Vinyl, 7"", Single",Zoom Records – ZUM 1,4.04,38,
Riff Raff (6),I Wanna Be A Cosmonaut,1978,UK,"Vinyl, 7"", 45 RPM, EP",Chiswick Records – SW 34,50.57,7,
Defiant Pose,Defiant Pose,1981,UK,"Vinyl, 7"", 45 RPM","Groucho Marxist Record Co:Operative – COMMUNIQUE 4, Groucho Marxist Record Co:Operative – WH 4",37.82,1,
Various,Aylesbury Goes Flaccid,1978,UK,"Vinyl, LP, Compilation",Flaccid Records – FLAC 1,13.51,8,New Submission
Various,Vancouver Complication,2007,Italy,"2 x Vinyl, LP, Compilation, Reissue",Rockin' Bones – RON060,34.48,3,New Submission
The Nips 'n' Nipple Erectors,"Bops, Babes, Booze & Bovver",1987,UK,"Vinyl, LP, Compilation","Big Beat Records – WIKM 66, Soho Records – WIKM 66",24.14,9,Recently Edited
Peter And The Test Tube Babies,Run Like Hell,1982,UK,"Vinyl, 7"", 45 RPM, Single",No Future Records – OI 15,6.20,31,Recently Edited
The Eyes* / The Controllers* / The Skulls (3),Don't Talk To Me / (The Original) Neutron Bomb / Victims,2003,US,"Vinyl, 7"", 45 RPM, EP, Reissue","What Records? – WHAT EP 03, Bacchus Archives – BA1187",20.00,4,New Submission
The Rotters,Pull It And Yell,2000,US,"Vinyl, LP, Compilation",Bacchus Archives – BA1145,18.28,11,New Submission
Spizzenergi,Where's Captain Kirk?,1980,UK,"Vinyl, 7"", 45 RPM, Single, Reissue",Rough Trade – RTSO 4,10.73,10,
Toy Love,Toy Love,2013,US,"2 x Vinyl, LP, Compilation","Captured Tracks – FNCT001, Flying Nun Records – FNCT001, Flying Nun Records – FNLP528",49.98,1,
Anti Establishment,Future Girl / No Trust,1982,UK,"Vinyl, 7"", 45 RPM, Single",Glass Records (2) – GLASS 022,4.60,14,Recently Edited
Menace (7),Screwed Up,1978,UK,"Vinyl, 12"", 45 RPM, Single Red Labels",Illegal Records (2) – IL004,6.90,37,Recently Edited
Screeching Weasel,Suzanne Is Getting Married / Waiting For Susie,1994,US,"Vinyl, 7"", Single","Lookout! Records – Lookout Number 86, Lookout! Records – Lookout Records 86",9.99,9,New Submission
The Haskels,Taking The City By Storm,2002,US,"Vinyl, 7"", 45 RPM, Reissue, Unofficial Release",Kerplunko – none,26.16,1,Recently Edited
Puncture,Mucky Pup,1977,UK,"Vinyl, 7"", Single, 45 RPM, Limited Edition",Small Wonder Records – small one,85.19,8,Recently Edited
The Rings (2),I Wanna Be Free,1977,UK,"Vinyl, 7"", 45 RPM, Single Laminated Sleeve","Chiswick Records – S14, Chiswick Records – S 14",27.03,12,Recently Edited
Eater (2),Thinkin' Of The U.S.A.,1977,UK,"Vinyl, 7"", 45 RPM",The Label (2) – TLR 003,14.37,14,New Submission
The Outcasts,Frustration,2017,UK,"Vinyl, 7"", 45 RPM, EP, Limited Edition, Picture Disc, Reissue",Punkerama Records – PUNKERAMA 1976,22.98,3,New Submission
The Panics (2),1980-1981: Please Panic!!,2001,Italy,"Vinyl, LP, Compilation","Vulcher Records – VULCHER 0004, Hate Records (5) – VULCHER 0004",12.64,11,New Submission
Epicycle,You're Not Gonna Get It: 1978-'81,2013,US,"Vinyl, LP, Compilation",HoZac Records – HZR-137,17.99,3,New Submission
Toxin III,Six Song EP,2015,US,"Vinyl, 7"", 33 ⅓ RPM, EP, Reissue, Remastered",Jeth-Row Records – JRR-33 1/3,40.23,2,
Automatics,When The Tanks Roll Over Poland Again,1978,UK,"Vinyl, 7"", Single, 45 RPM","Island Records – WIP 6439, Island Records – WIP6439",17.55,24,New Submission
Chainshot,Chainshot II,2015,US,"Lathe Cut, 7"", Mono",Funky Frankenstein Records – none,,,
Chainshot,Chainshot,2014,US,"Lathe Cut, 7"", 33 ⅓ RPM, Mono Clear",Funky Frankenstein Records – FF-20,11.49,2,New Submission
Rixe,Baptême Du Feu,2017,UK,"Vinyl, 7"", 33 ⅓ RPM, EP",La Vida Es Un Mus – MUS136,5.75,5,Recently Edited
Raspberries,Side 3,1973,US,"Vinyl, LP, Album Jacksonville Pressing",Capitol Records – SMAS-11220,15.75,14,Recently Edited
Raped,Pretty Paedophiles,1977,UK,"Vinyl, 7"", 45 RPM, EP",Parole Records – KNIT 1,27.03,17,New Submission
The Sussed,Sussed Out,1996,US,"CD, Album",Sta Press Records – #002,7.57,1,Recently Edited
Suzi Quatro,Suzi Quatro,1974,Canada,"Vinyl, LP, Album, Stereo",Bell Records – BELL 1302,10.71,1,Recently Edited
The Vindictives,The Many Moods Of The Vindictives,1995,US,"2 x Vinyl, LP, Compilation",Lookout! Records – Lookout 116,19.54,17,Recently Edited
The Suicide Commandos,Make A Record,1978,US,"Vinyl, LP, Album",Blank Records (2) – 002,45.97,7,
Lost Sounds,Lost Sounds,2004,US,"Vinyl, LP, Album",In The Red Recordings – ITR 117,20.00,9,New Submission
Crimpshrine,Duct Tape Soup,1992,US,"Vinyl, LP, Compilation","Lookout! Records – #57, Lookout! Records – LOOKOUT #57, Lookout! Records – LK 57",27.99,6,Recently Edited
The Hellacopters,Grande Rock,1999,US,"Vinyl, LP, Album","Sub Pop – SP 476, Psychout Records (2) – PSYCH005",50.00,21,Recently Edited
The Dils,Dils Dils Dils,2001,US,"Vinyl, LP, Compilation",Bacchus Archives – BA1166,22.98,6,New Submission
Distortion (4),Brothers Under The Skin,1997,Germany,"Vinyl, LP, Album, Limited Edition, Numbered",Oi! The Boys Records – O.T.B. #003,22.99,1,New Submission
Reducers SF*,Backing The Longshot,1999,US,"Vinyl, LP, Album",TKO Records – TKO ROUND 21,17.24,10,New Submission
The Business,The Best Of The Business,1993,UK,"Vinyl, LP | Vinyl, 7"" | All Media, Compilation, Limited Edition",Dojo Limited – DOJO LP 124,44.84,2,Recently Edited
The Business,Keep The Faith,1994,Germany,"Vinyl, LP, Album",Century Media – 77083-1,28.72,6,Recently Edited
Bovver Wonderland,Bovver Wonderland,1996,US,"Vinyl, LP, Album","Vulture Rock Records – VOLT-14 LP, Vulture Rock Records – VOLT-14 EP.",34.37,1,New Submission
The Oppressed,Dead & Buried And Fatal Blow,1996,UK,"Vinyl, LP, Compilation",Captain Oi! – Ahoy LP 42,40.53,1,Recently Edited
The Oppressed,Fight For Your Life - The Best Of The Oppressed,1996,UK,"Vinyl, LP, Compilation | Vinyl, 7"", Single",Dojo Limited – DOJO LP 227,12.68,3,Recently Edited
Various,I.R.S. Greatest Hits Vols. 2 & 3,1981,US,"2 x Vinyl, LP, Compilation, Stereo Gatefold",I.R.S. Records – SP 70800,9.98,29,New Submission
The Murder City Devils*,In Name And Blood,2000,US,"Vinyl, LP, Album",Sub Pop – SP 497,35.21,8,New Submission
Various,Blood Red Battle Royale,1998,US,"Vinyl, LP, Compilation Grey",Blood Red Vinyl & Discs – BRLP12007,17.24,8,Recently Edited
The Lords Of The New Church*,Is Nothing Sacred?,1983,US,"Vinyl, LP, Album Monarch Pressing","I.R.S. Records – SP70039, I.R.S. Records – SP-70039",11.49,7,Recently Edited
Various,Repo Man (Music From The Original Motion Picture Soundtrack),1984,US,"Vinyl, LP, Album Gloversville Pressing","San Andreas Records – SAR 39019, San Andreas Records – SAR-39019",26.43,30,Recently Edited
Misfits,Live Night Of The Living Dead!,1987,US,"Vinyl, LP, Unofficial Release, Limited Edition",Not On Label (Misfits) – MAD 01,,,New Submission
Various,Beserkley Chartbusters Volume 1,1975,US,"Vinyl, LP, Compilation",Beserkley – BZ-0044,3.45,30,
D.O.A. (2),True (North) Strong & Free,1987,US,"Vinyl, LP, Album","Profile Records – PRO-1228, Rock Hotel Records – PRO-1228",8.00,17,New Submission
Cockney Rejects,Greatest Hits Vol. 1,1993,UK,"Vinyl, LP, Album, Reissue | Vinyl, 7"", Single | All Media, Limited Edition",Dojo Limited – DOJO LP 136,19.54,3,New Submission
Cock Sparrer,Rumours Carry More Weight Than Fact (The Best Of Cock Sparrer),1996,UK,"Vinyl, LP, Compilation, Reissue Red",Step-1 Music – STEP LP 014,114.94,1,New Submission
The Last Resort,A Way Of Life - Skinhead Anthems,1996,UK,"Vinyl, LP, Album, Reissue",Captain Oi! – AHOY LP 1,22.87,7,New Submission
The Bruisers*,In The Pit - Live & Rare,2000,US,"Vinyl, LP, Compilation Orange Clear",TKO Records – TKO ROUND 45,22.00,4,Recently Edited
The Unruly,The Unruly,1998,US,"Vinyl, LP, Album",Vulture Rock Records – VOLT-37,36.78,3,Recently Edited
The Business,The Truth The Whole Truth And Nothing But The Truth,1997,US,"Vinyl, LP, Album Gatefold",Taang! Records – TAANG 115,25.99,3,New Submission
Argy Bargy,"Drink, Drugs And Football Thugs.",1996,UK,"Vinyl, LP, Album, Limited Edition Red",Step-1 Music – STEP LP 057,20.27,10,New Submission
Boot Party,Bricks To Concrete,1997,US,"Vinyl, LP, Album",Vulture Rock Records – VOLT-24,,,Recently Edited
Simaryp*,Skinhead Moonstomp (The Album),1980,UK,"Vinyl, LP, Album, Reissue, Mono",Trojan Records – TRLS 187,18.97,16,Recently Edited
Dropkick Murphys,Do Or Die,1998,US,"Vinyl, LP, Album, Stereo",Hellcat Records – 80407-1,35.34,5,
Ramones,"Live At The Roxy August 12, 1976",2016,US,"Vinyl, LP, Record Store Day, Limited Edition, Numbered 180g","Sire – R1 555357, Rhino Records (2) – 081227945169",30.00,17,New Submission
The Special A.K.A.* Featuring Rico*,Too Much Too Young,1980,Germany,"Vinyl, 12"", Maxi-Single, Stereo",Chrysalis – 9198 713,8.62,15,Recently Edited
Slaughter & The Dogs*,Rabid Dogs,1989,UK,"Vinyl, LP, Reissue",Receiver Records Limited – RRLP109,11.38,15,New Submission
Sex Pistols,We've Cum For Your Children (Wanted: The Goodman Tapes),1988,US,"Vinyl, LP, Compilation",Skyclad Records – (sick) SEX 6,7.94,43,New Submission
Angelic Upstarts,Live In Yugoslavia,1985,UK,"Vinyl, LP, Album","Hard Court – HCLP 002 M, Picasso – HCLP 002 M",10.71,8,Recently Edited
Various,Flipside Vinyl Fanzine Vol. 1,1984,US,"Vinyl, LP, Compilation",Gasatanka Records – E-1099,28.74,2,New Submission
Cut Throat (5),Dirty Byrd,1998,Germany,"Vinyl, LP, Album",Knock Out Records – KOLP085,7.66,10,
Circle Jerks,Wild In The Streets,1988,US,"Vinyl, LP, Album, Reissue",Frontier Records – FLP 1029,17.61,26,New Submission
The Suicide Commandos,Time Bomb,2017,US,"Vinyl, LP, Album",Twin/Tone Records – TTR 89403,13.12,6,New Submission
X (10),Aspirations,2014,Canada,"Vinyl, LP, Album, Reissue",Ugly Pop Records – UP054,25.00,5,Recently Edited
X (10),X-Spurts (The 1977 Recordings),2014,Canada,"Vinyl, LP, Album",Ugly Pop Records – UP053,17.50,7,New Submission
Charged G.B.H*,"Leather, Bristles, Studs And Acne.",1990,UK,"Vinyl, LP, Album, Reissue",Clay Records – PLATE 3,28.74,6,Recently Edited
Duane Peters And The Hunns,Tickets To Heaven,2001,US,"Vinyl, LP, Album Red","Disaster Records (2) – DISASTER 9005-1, Disaster Records (2) – DSR 9005-1",40.23,6,Recently Edited
Blitz (3),All Out Attack,1997,Italy,"Vinyl, LP, Compilation Beige Label",Get Back – GET 14,9.51,7,New Submission
Klasse Kriminale,Faccia A Faccia,1996,Germany,"Vinyl, LP, Album, Picture Disc, Reissue",Knock Out Records – KOPicLP024,11.49,8,Recently Edited
Devo,Q: Are We Not Men? A: We Are Devo!,1979,UK,"Vinyl, LP, Album, Picture Disc, Stereo | Flexi-disc, 7"", 33 ⅓ RPM, Single Sided",Virgin – VP2106,3.89,74,Recently Edited
The Queers,Grow Up,1994,US,"Vinyl, LP, Album, Reissue",Lookout! Records – Lookout 0090,28.74,8,Recently Edited
The Queers,Love Songs For The Retarded,2009,US,"Vinyl, LP, Album, Reissue",Recess Records (2) – Recess#107,,,Recently Edited
Condemned 84,Face The Aggression,1997,UK,"Vinyl, LP, Album, Reissue",84 Records – HARD LP 1,,,
Slade,Slayed?,1973,US,"Vinyl, LP, Album, Stereo All Disc Press","Polydor – PD 5524, Polydor – 2383 163",1.00,95,Needs Changes
The Glory Stompers / The Templars,The Glory Stompers / The Templars,1996,Germany,"Vinyl, 12"", 45 RPM",Knock Out Records – KOMLP 040,29.41,6,Recently Edited
The Templars,Dans Les Catacombs Du Studio De L'Acre 1993-1995,1997,US,"Vinyl, LP, Compilation","Vulture Rock Records – VOLT-32 LP, Vulture Rock Records – VOLT-32LP",56.90,4,New Submission
Templars*,Phase II,1998,US,"Vinyl, LP, Album, Stereo","Vulture Rock Records – VOLT-36, Vulture Rock Records – VOLT-36LP",86.21,1,New Submission
Condemned 84,Battle Scarred,1996,UK,"Vinyl, LP, Album, Reissue White",Streetpunk Records – SPLP 2001,30.00,4,Recently Edited
Generation X (4),Generation X,1984,US,"Vinyl, LP, Album, Reissue",Chrysalis – PV 41169,13.00,14,Recently Edited
Oxblood,Crime Stories,1998,US,"Vinyl, LP, Album","Punkcore Records – PUNK CORE LP 02, Punkcore Records – PCLP 02",60.00,2,Recently Edited
Pist-N-Broke*,American Drinking Songs,1995,US,"Vinyl, 12"", 45 RPM, EP, Stereo","Vulture Rock Records – VOLT-12, Vulture Rock Records – VOLT EP-11, Vulture Rock Records – VOLT 12 EP, Vulture Rock Records – VOLT EP NO.12",24.32,2,New Submission
Gundog,A Dog's Eye View,2000,UK,"Vinyl, LP, Album",New Blood Records – NEWBLOOD05,7.00,3,Recently Edited
Hard Skin (2),Hard Nuts And Hard Cunts,1998,US,"Vinyl, LP, Album, Picture Disc",Broken Rekids – SKIP 67,10.65,7,Recently Edited
Midnite Snaxxx,Chew On This!,2017,US,"Vinyl, 12"", 45 RPM, Album",Pelican Pow Wow – PPW-019,15.00,3,New Submission
Special Duties,'77 In '82,1996,UK,"Vinyl, LP, Album, Reissue Blue",Captain Oi! – AHOY LP 35,25.23,4,New Submission
Major Accident,Clockwork Heroes,1998,UK,"Vinyl, LP, Compilation, Limited Edition White",Captain Oi! – AHOY LP 16,17.24,1,New Submission
Infa-Riot*,Still Out Of Order,1997,UK,"Vinyl, LP, Album, Reissue",Captain Oi! – AHOY LP 10,19.77,2,
Fear (3),The Record,1982,US,"Vinyl, LP, Album",Slash – SR-111,24.00,32,New Submission
Abrasive Wheels,When The Punks Go Marching In,1997,Italy,"Vinyl, LP, Album, Reissue, Stereo",Get Back – GET17,3.45,8,New Submission
Sheer Terror,Love Songs For The Unloved,1995,US,"Vinyl, LP, Album",Blackout! Records – BLK-23,54.95,7,Recently Edited
The Warriors (7),The Full Monty,1996,UK,"Vinyl, LP, Album, Limited Edition, Numbered",Step-1 Music – STEP LP 83,11.41,4,Recently Edited
Various,Chaos En France - Volume 2,1998,Europe,"Vinyl, LP, Compilation, Reissue, Unofficial Release",Chaos Productions (5) – CHAOS 02,45.98,1,
Combat 84 / The Last Resort,Death Or Glory,1996,UK,"Vinyl, LP, Album, Reissue Blue Translucent",Step-1 Music – STEP LP 25,22.00,5,Recently Edited
4 Skins,A Few 4 Skins More Volume 1,1987,UK,"2 x Vinyl, LP, Compilation Blue Labels",Link Records (4) – LINK LP 015,20.27,7,Recently Edited
The 4 Skins*,The Best Of The 4 Skins,1996,UK,"Vinyl, LP | Vinyl, 7"" | All Media, Compilation, Reissue",Dojo – DOJO LP 140,24.09,2,Recently Edited
4 Skins,A Few 4 Skins More Volume 2,1987,UK,"2 x Vinyl, LP, Compilation, Repress Black Labels","Link Records (4) – LINK LP 021, Link Records (4) – LINK L.P. 021",22.82,6,
The 4 Skins*,"The Good, The Bad & The 4 Skins",1996,UK,"Vinyl, LP, Album, Reissue",Captain Oi! – AHOY LP 03,28.74,4,Recently Edited
Condemned 84,Blood On Yer Face,1999,UK,"Vinyl, LP, Album",RnB Recordings – LPRNB003,66.67,5,Recently Edited
Condemned 84,Amongst The Thugs,1995,UK,"Vinyl, LP, Album",Hammer Records (4) – HR10,33.77,7,New Submission
Various,Back To Front Vol.5 (Rare Punkrock 1977-'82),1994,Germany,"Vinyl, LP, Compilation, Limited Edition, Numbered",Incognito Records (4) – INC.064,33.33,6,New Submission
Various,Killed By Deathrock - Volume Two,2016,US,"Vinyl, LP, Compilation",Sacred Bones Records – SBR-3019,39.29,3,Recently Edited
The Templars,1118 - 1312,1998,US,"Vinyl, 10"", 33 ⅓ RPM, Mini-Album, Limited Edition","Do A Runner! Recordings – JOG001, Go-Kart Records – GK CD 0027",5.00,2,New Submission
Templars*,Biaus Seignors Freres,2000,US,"Vinyl, 10"", 45 RPM, Compilation Gold","TKO Records – TKOROUND 53, Templecombe – 671",116.22,2,New Submission
The Neckbones,Gentlemen,1999,US,"Vinyl, 10""",Misprint Records – msp-0060,4.59,7,Recently Edited
River City Rapists,Feelin' Groovy,1999,US,"Vinyl, 10"", 33 ⅓ RPM Pink",Man's Ruin Records – MR 150,21.49,1,New Submission
Avengers,We Are The One,,US,"Vinyl, 7"", 45 RPM, EP, Reissue, Repress, Unofficial Release",Dangerhouse (2) – SFD-400,,,Recently Edited
U.K. Subs*,Party In Paris,1980,UK,"Vinyl, 7"", 45 RPM, Single Orange","GEM (2) – GEMS 42, GEM (2) – PB 9611",3.38,82,New Submission
Midnite Snaxxx,Don't Wake Me Up,2015,US,"Vinyl, 7"", 45 RPM, Single",Total Punk – TPR-28,5.98,2,Recently Edited
Screeching Weasel,Punkhouse,1993,US,"Vinyl, 7"", EP, Reissue",Selfless Records – SFLS18,20.92,21,New Submission
Various,Music From The Film The Ungovernable Force,2017,,"Vinyl, 7"", 33 ⅓ RPM, Compilation",Brink Music – BMUS0903,14.00,4,Recently Edited
Rancid,Radio Radio Radio,1993,US,"Vinyl, 7"", 45 RPM, EP",Fat Wreck Chords – FAT509,5.69,26,Recently Edited
Rancid,Rancid,1992,US,"Vinyl, 7"", 33 ⅓ RPM",Lookout! Records – Lookout 059,22.50,8,Recently Edited
Rancid,Time Bomb,1995,US,"Vinyl, 7"", Single",Epitaph – 86455-7,30.00,17,New Submission
The Bruisers*,Gates Of Hell,1994,France,"Vinyl, 7"", 45 RPM Orange Clear","Bird Records (2) – BR 006, Bird Records (2) – Bird Records 006",45.98,1,Recently Edited
The Only Ones,"Another Girl, Another Planet",1978,UK,"Vinyl, 7"", 45 RPM, Single, Stereo Paper Labels","CBS – S CBS 6228, CBS – 6228",64.84,9,Recently Edited
Minor Threat,First Demo Tape,2003,US,"Vinyl, 7"", 45 RPM, EP",Dischord Records – DIS 140 V,13.79,7,New Submission
Crowbar (4),Hippie Punks,1993,Germany,"Vinyl, 7"", 45 RPM, Single, Reissue, Unofficial Release Red Clear",Skin Head Records (2) – SKIN 1,,,Recently Edited
The Music Explosion,I See The Light / Little Bit O'Soul,1967,US,"Vinyl, 7"", 45 RPM, Single, Styrene Terre Haute Pressing",Laurie Records – LR 3380,0.01,124,New Submission
Otis* & Carla*,Tramp,1968,US,"Vinyl, 7"", 45 RPM, Single, Reissue",Stax – S-216,6.99,1,New Submission
Ruby Johnson,Callin' All Boys / Pleadin' Heart,1961,US,"Vinyl, 7"", 45 RPM, Single",V-Tone Records (2) – 222,36.00,10,New Submission
Ruby Johnson,Here I Go Again,1965,US,"Vinyl, 7"", 45 RPM, Single",Neb's – 505,21.84,3,New Submission
Ruby Johnson,Why Do You Want To Leave Me / Nobody Care,,US,"Vinyl, 7"", 45 RPM",Neb's – 600,2.00,4,New Submission
Patriot (2) / Fatskins,Patriot / Fatskins,1998,US,"Vinyl, 7"", EP, 33 ⅓ RPM",90 Proof Records – 90-2EP,14.00,4,New Submission
Frijid Pink,House Of The Rising Sun,1970,US,"Vinyl, 7"", 45 RPM, Single, Styrene",Parrot – 45-341,0.29,78,Recently Edited
Dow Jones And The Industrials,Let's Go Steady,2011,US,"Vinyl, 7"", 45 RPM, Limited Edition, Reissue","Hardly Music – HM000002R, Family Vineyard – FV70",24.99,8,
The Templars,La Noche De Los Gaviotas,1997,US,"Vinyl, 7"", 45 RPM, EP","Headache Records – HR#41, Headache Records – H.R.#41",47.30,3,Recently Edited
West Side Boys,Hooligans,1991,France,"Vinyl, 7"", 45 RPM, Single",Lion Records (6) – LR450191,57.47,1,Recently Edited
Randoms,A B C D B/W Let's Get Rid Of New York,,US,"Vinyl, 7"", 45 RPM, Single, Limited Edition, Reissue, Unofficial Release",Dangerhouse (2) – PT-1,,,
Bags*,Survive,2016,Spain,"Vinyl, 7"", 45 RPM, Single, Reissue, Repress","Dangerhouse – BAG 200, Dangerhouse – BAG 199, Munster Records – MR 7294",38.73,1,New Submission
The Plain Dealers,Terminal Darkness On Public Square,2013,US,"Vinyl, 7"", 33 ⅓ RPM",Public Square Records – PSR004,19.32,1,New Submission
Pist 'N' Broke*,A New Day,1994,US,"Vinyl, 7"", 45 RPM",Sonic Aggression Records – SA-006,45.98,3,Recently Edited
Blitz (3),New Age,1983,UK,"Vinyl, 7"", 45 RPM, Single","Future Records (4) – FS 1, Future Records (4) – FS1",40.53,8,
Spelling Mistakes*,Feel So Good,2012,US,"Vinyl, 45 RPM, 7"", Single, Reissue",Sing Sing Records (3) – SING042,22.00,5,
Swingin' Utters / UK Subs,Split Vision Volume One,1994,US,"Vinyl, 7"" Pink",New Red Archives – NRA44,40.00,1,Recently Edited
Blitz (3),Propaganda / Moscow,1982,UK,"Flexi-disc, 7"", 33 ⅓ RPM, Shape, Single Sided",Masterbag – BAG 008,5.75,8,Recently Edited
Gundog,Power,1997,UK,"Vinyl, 7"", 33 ⅓ RPM, EP, White Label",New Blood Records – NEW BLOOD 01,,,New Submission
The Warriors (7),Made In England,1999,Italy,"Vinyl, 7"", 33 ⅓ RPM",Durango 95 Records – none,10.00,7,Recently Edited
Snapcase,Steps,1995,US,"Vinyl, 7"", 33 ⅓ RPM",Victory Records – VR 24,10.34,6,Recently Edited
The Business / The Gonads / Blitz (3) / Dead Generation,Total Noise #1,1982,UK,"Vinyl, 7"", 33 ⅓ RPM, 45 RPM, EP",Total Noise – TOT 1,6.76,25,
The Twinkles,Dancing With The Pogo Kids,1999,Italy,"Vinyl, 7"", Single, 45 RPM",Soda Pressing Records – SODA 1,2.30,11,New Submission
Various,Special Rockin' The Streets Promo EP,1998,Canada,"Vinyl, 7"", EP, 33 ⅓ RPM, Promo Red","Longshot Music – LS702, DSS Records – none",4.60,11,New Submission
The Stouts,1999 Demo,1999,US,Cassette,Not On Label – none,,,Recently Edited
Returnaround,Babies With Rabies,1995,US,"Vinyl, 7"" Clear",Not On Label – none,15.00,1,New Submission
Time Has Come (2),Devoted To Nothing,1999,US,"Vinyl, 7"", Limited Edition, EP",CI Records – CI022.5,5.00,7,New Submission
Violent Affray,Lets Av It,1999,UK,"Vinyl, 7"", 45 RPM, EP, White Label",New Blood Records – NEW BLOOD 03,3.00,14,Recently Edited
The Carpettes,Small Wonder?,2006,Germany,"Vinyl, 7"", 45 RPM, Reissue",Last Year's Youth Records – LAST 18,22.00,2,New Submission
The Ugly Truth,Fall,1994,US,"Vinyl, 7""",Stillborn Records – SB 004,2.98,10,Recently Edited
Demob,No Room For You,1981,UK,"Vinyl, 7""",Round Ear Records – EAR 3,54.81,2,Recently Edited
The Bruisers*,Intimidation,1991,US,"Vinyl, 7"", 45 RPM, Reissue","Sonic Aggression Records – SA-001-07, Sonic Aggression Records – SA-1",100.00,1,Recently Edited
The Bruisers*,American Night,1992,US,"Vinyl, 7"", 45 RPM",Nirvana Records – NR-103,,,New Submission
Hitler SS / Tampax,Hitler SS / Tampax,2010,,"Vinyl, 7"", 33 ⅓ RPM, EP, Limited Edition, Reissue, Unofficial Release, White Label Stamped",Compact Cassette Records (2) – none,,,
Defnics,Look At Me Mom I'm Not Dead,2001,US,"Vinyl, 7"", 45 RPM Red",Smog Veil Records – SV30,2.94,13,
The Templars,Clockwork Orange Horror Show,1995,US,"2 x Vinyl, 7"", 45 RPM, EP, Stereo Gatefold","Vulture Rock Records – VOLT EP 11, Vulture Rock Records – VOLT 11EP, Vulture Rock Records – VOLT EP-11",171.26,3,New Submission
Ruby Johnson,Come To Me My Darling / When My Love Comes Down,1966,US,"Vinyl, 7"", 45 RPM, Single",Volt – 45-140,4.05,10,Recently Edited
The Hombres,Let It Out (Let It All Hang Out),1967,US,"Vinyl, 7"", 45 RPM, Single",Verve Forecast – KF 5058,0.50,73,New Submission
James Carr,You've Got My Mind Messed Up  / That's What I Want To Know,1966,US,"Vinyl, 7"", 45 RPM",Goldwax Records – 302,1.99,18,New Submission
Last Call (4),Last Call,,US,"Vinyl, 7"", 33 ⅓ RPM",GMM Records – GMM 130,5.93,4,New Submission
Ruby Johnson,I'll Run Your Hurt Away / Weak Spot,1966,US,"Vinyl, 7"", 45 RPM, Single",Volt – V - 133,5.00,9,Recently Edited
Otis* & Carla*,Tramp / Tell It Like It Is,1967,US,"Vinyl, 7"", 45 RPM, Single Plastic Products Pressing",Stax – 45-216,2.45,32,Recently Edited
Willie Hobbs,Do Your Own Thing / I Know I'm Gonna Miss You,1972,US,"Vinyl, 7"", 45 RPM, Mono",Seventy Seven Records – 77-108,2.70,23,Recently Edited
Toots And The Maytals*,Louie Louie / Pressure Drop '72,1972,UK,"Vinyl, 7"", 45 RPM, Single, Promo Knock-Out Centre",Trojan Records – TR-7865,,,New Submission
Alton & The Flames* / Baba Brooks,Cry Tough / Spit Fire,,Jamaica,"Vinyl, 7""",Treasure Isle – none,9.51,3,Recently Edited
The Replacements / Midnight Oil,"Another Girl, Another Planet / Stand In Line",1990,US,"Flexi-disc, 7"", 33 ⅓ RPM, Promo, Stereo","The Bob Magazine – 40, Eva-Tone Soundsheets – 106875-1S",3.50,9,
The Clash,Complete Control,1977,UK,"Vinyl, 7"", 45 RPM, Single, Stereo Copyright Control","CBS – S CBS 5664, CBS – CBS 5664",5.64,25,Recently Edited
The Chronics (2),"First Time, Best Time / Go On",1999,US,"Vinyl, 7"", Single Sided, 45 RPM",Rip Off Records (2) – R.O. #037,3.00,12,Recently Edited
The Oppressed,Fatal Blow,,,"Vinyl, 7"", 45 RPM, Unofficial Release, White Label",Not On Label (The Oppressed) – none,,,Recently Edited
The Bruisers*,Clobberin' Time,1996,France,"Vinyl, 7"", 33 ⅓ RPM, EP",Bird Records (2) – BR 007,,,Recently Edited
Spys (3),The Young Ones,1979,UK,"Vinyl, 7"", 45 RPM, Single","Virgin – N.B.3., Virgin – NB 3",1.00,31,Recently Edited
Anti-Heros / Blanks 77,Truck Stop Toilet,1997,US,"Vinyl, 7"", 33 ⅓ RPM","Taang! Records – TAANG! 138-7, Radical Records – TAANG! 138-7",12.63,6,Recently Edited
Misfits,Evil Is As Evil Does,2006,US,"Vinyl, 7"", Reissue, Unofficial Release Orange label",Plan 69 – none,24.09,1,New Submission
The Warriors (7),Come Out To Play,1996,UK,"Vinyl, 7"", 45 RPM",Visionary Vinyl – V707,8.00,5,New Submission
Sham 69,That's Life,1996,UK,"Vinyl, LP, Album, Limited Edition, Reissue | Vinyl, 7"", Single",Dojo Limited – DOJO LP 257,22.13,4,New Submission
The Woggles,Return To Blood Beach,1994,Japan,"Vinyl, 7"", 45 RPM",Wallabies Records – WAL-003,6.34,12,Recently Edited
Buck Biloxi And The Fucks,Obama Is A Cyborg,2016,Germany,"Vinyl, 7"", 45 RPM","Red Lounge Records – RLR 117, Secret Identity Records – RLR 117",5.75,2,Recently Edited
Nots,Cold Line / TV OD,2016,US,"Vinyl, 7"", 45 RPM, Single",Goner Records – 132GONE,4.48,4,Recently Edited
D.O.A. (2),Fucked Up Donald,2016,Canada,"Vinyl, 7"", 45 RPM, Single",Sudden Death Records – SDR-0114,5.75,7,Recently Edited
Templars* / 90 Proof,Templars / 90 Proof,1996,US,"Vinyl, 7"", EP, 33 ⅓ RPM",90 Proof Records – 90-1 EP,40.00,3,New Submission
The Queers / Antagonizers ATL,Beyond The Dirty South Valley,2015,US,"Vinyl, 7"", 33 ⅓ RPM, Limited Edition, Numbered Blue",Sexy Baby Records – SBR-1033,8.00,1,New Submission
Lager Lads* / Infiltrators (2) / The Wretched Ones / The Krays (2),Oink! Skinzine # 5,1998,US,"Vinyl, 7"", 33 ⅓ RPM, Limited Edition Gray Marbled",Oink! – Oink-002,6.00,4,Recently Edited
The Templars / Bottom Of The Barrel,Oink! Skinzine # 4,1997,US,"Vinyl, 7"", 45 RPM, Single Gray Marbled",Oink! – none,25.29,2,Recently Edited
4 Skins,One Law For Them,1996,UK,"Vinyl, 7"", 45 RPM, Single, Reissue",Visionary Vinyl – V712,11.95,3,New Submission
Klasse Kriminale,1985-'95 Orgoglio Per Le Tue Passioni,1995,Germany,"Vinyl, 7"", 45 RPM, EP | Vinyl, 7"", 45 RPM, EP",Knock Out Records – KOEP020,16.08,11,
Screeching Weasel,Jesus Hates You,1999,US,"Vinyl, 7"", 45 RPM, EP, Picture Disc",Probe Records (2) – Pr23,19.00,20,Recently Edited
Sweet Tea (2) / Wendy Rene,After Laughter (Comes Tears),2012,US,"Vinyl, 7"", 45 RPM, Single, Limited Edition Purple",Light In The Attic – LITA 45-022,130.00,3,Recently Edited
The Trouble,Crime And Punishment,1997,US,"Vinyl, 7"", 33 ⅓ RPM, EP Blue Clear",GMM Records – 131,45.98,2,Recently Edited
The Queers,Too Dumb To Quit!,1994,US,"Vinyl, 7"", 45 RPM, Reissue","Selfless Records – SFLS-27, Selfless Records – SELFLESS 27",8.95,5,Recently Edited
Sex Pistols,God Save The Queen,1977,UK,"Vinyl, 7"", 45 RPM, Single, Stereo Silver/Silver Label Text",Virgin – VS 181,2.69,131,
Sex Pistols,Anarchy In The U.K,1977,France,"Vinyl, 7"", 45 RPM, Single EA code",Sex Pistols – 640 112,2.30,72,New Submission
The Pagans*,Six And Change,2017,France,"Vinyl, 7"", 45 RPM, Single, Limited Edition, Reissue, Remastered",Danger Records (11) – DR-028,7.93,9,Recently Edited
Razar,Stamp Out Disco / Task Force (Undercover Cops),2012,US,"Vinyl, 7"", 45 RPM, Single, Reissue",Sing Sing Records (3) – SING-047,68.97,1,
Briard,Fuck The Army,2010,Finland,"Vinyl, 7"", 45 RPM, Single, Reissue",Combat Rock Industry – CRI 079,16.50,4,
Hubble Bubble,Faking,2007,US,"Vinyl, LP, Album, Reissue","Radio Heartbeat – RH-103, Daggerman Records – DMR-006",2.70,6,New Submission
Teenage Head,Somethin' On My Mind B/W Let's Shake,1980,Canada,"Vinyl, 7"", Single",Attic – AT 220,5.00,11,New Submission
H.M.K.*,Delirious,1977,UK,"Vinyl, 7"", 45 RPM, Single",RAK – RAK 262,9.45,15,New Submission
The Suicide Commandos,Mark He's A Terror,1977,US,"Vinyl, 7"", 45 RPM","P.S. Records – 30787, P.S. Records – 612-332-6675",8.03,26,Recently Edited
Two Saints,In Nomine Solis,1989,UK,"Vinyl, LP, Album",Shakin' Street Records – YEAH-HUP 004,4.02,23,
The Cortinas,Fascist Dictator / Television Families,1977,UK,"Vinyl, 7"", 45 RPM, Single",Step-Forward Records – 1,3.99,40,Recently Edited
The Killjoys,Studio Demos 18/10/1977,2002,Germany,"Vinyl, 7"", 33 ⅓ RPM, EP",Last Year's Youth Records – LAST 014,7.61,5,New Submission
The Dicks*,The Dicks Hate The Police,,,"Vinyl, 7"", 45 RPM, Reissue, Unofficial Release, White Label",Not On Label (Dicks) – none,,,New Submission
Pagans,Not Now No Way,2016,Italy,"Vinyl, 7"", Single, Reissue",Breakout Records (4) – BR008,,,Recently Edited
Government Warning,Arrested,2007,US,"Vinyl, 7"", 45 RPM, EP","Grave Mistake Records – GRAVE018, No.18",5.75,7,New Submission
The Unwanted,Withdrawal / 1984,1978,UK,"Vinyl, 12"", 45 RPM, Single, Reissue",Raw Records (2) – RAWT 6,14.08,7,New Submission
The Defects,Defective Breakdown,2012,UK,"Vinyl, LP, Picture Disc, Album, Reissue",Antisociety – ANTI 017,14.93,4,New Submission
Various,Flex Your Head,,US,"Vinyl, LP, Compilation, Reissue Blurry photo cover, $8.00 ppd",Dischord Records – Dischord 7,20.27,7,New Submission
Straitjacket (4) / Shock Nagasaki,Won't Say Sorry / Palisades & Renegades,2004,US,"Vinyl, 7""",TKO Records – TKO Round 141,4.60,2,New Submission
Various,Shutdown '66,1991,US,"Vinyl, LP, Compilation","Ernie Douglas Records – ERN-66, Ernie Douglas Records – ERNIE DOUGLAS 66",15.00,9,
Flux Of Pink Indians,Neu Smell,1981,UK,"Vinyl, 7"", 45 RPM, EP MPO Pressing",Crass Records – 321984/2,10.81,18,Recently Edited
Career Suicide,SARS EP,2003,Canada,"Vinyl, 7"", 45 RPM, EP",Deranged Records – DY 47,5.75,7,New Submission
Various,Back To Cleveland - Horsepower,2015,US,"2 x Vinyl, LP, Compilation, Limited Edition, Numbered, Unofficial Release Gatefold",RT956 Records – none,30.00,2,New Submission
The Neurotics*,Living With Unemployment,1986,UK,"Vinyl, 7"", Single",Jungle Records – JUNG 29,,,
The Nice Boys (2),Very Mary,2007,US,"Vinyl, 7"", 45 RPM","Dirtnap Records – RG-03, Green Noise Records – RG-03",3.45,7,New Submission
The Nice Boys (2),You Won't See Me Anymore,2004,US,"Vinyl, 7"", 45 RPM, Limited Edition, Numbered, Stereo Red Translucent",Discourage Records – DRR-001,20.00,2,New Submission
Beez*,Easy,2010,Japan,"Vinyl, 7"", 45 RPM, Reissue",1977 Records – 1977-S077,11.48,3,